{"NiftyToken":"26000","FuturesToken":"36612","StrikeTokenDetails":{"Call22000":"60331","Put22000":"60332","Call21750":"67299","Put21750":"67300","Call21800":"67301","Put21800":"67302","Call21850":"67303","Put21850":"67304","Call21900":"67305","Put21900":"67306","Call21950":"67307","Put21950":"67308","Call22050":"67309","Put22050":"67310","Call22100":"67311","Put22100":"67312","Call22150":"67313","Put22150":"67314","Call22200":"67315","Put22200":"67316","Call22250":"67317","Put22250":"67318","Call22300":"67319","Put22300":"67476","Call22350":"67477","Put22350":"67567","Call22400":"67568","Put22400":"67569","Call22450":"67570","Put22450":"67571"},"StopLossDataDetails":{"Put22000":{"OptionType":1,"Strike":22000,"SelfPreviousHigh":0.0,"HundredPercent":176.0,"FiftyPercent":132.0,"ThirtyPercent":114.4,"PreviousClose":88.0,"NegThirtyPercent":61.599999999999994,"NegFiftyPercent":44.0,"NegSixtyOnePercent":33.88},"Put22100":{"OptionType":1,"Strike":22100,"SelfPreviousHigh":0.0,"HundredPercent":256.2,"FiftyPercent":192.14999999999998,"ThirtyPercent":166.53,"PreviousClose":128.1,"NegThirtyPercent":89.66999999999999,"NegFiftyPercent":64.05,"NegSixtyOnePercent":49.3185},"Call22100":{"OptionType":0,"Strike":22100,"SelfPreviousHigh":0.0,"HundredPercent":265.9,"FiftyPercent":199.42499999999998,"ThirtyPercent":172.83499999999998,"PreviousClose":132.95,"NegThirtyPercent":93.06499999999998,"NegFiftyPercent":66.475,"NegSixtyOnePercent":51.18575},"Call22200":{"OptionType":0,"Strike":22200,"SelfPreviousHigh":0.0,"HundredPercent":173.4,"FiftyPercent":130.05,"ThirtyPercent":112.71000000000001,"PreviousClose":86.7,"NegThirtyPercent":60.69,"NegFiftyPercent":43.35,"NegSixtyOnePercent":33.3795},"Put21900":{"OptionType":1,"Strike":21900,"SelfPreviousHigh":0.0,"HundredPercent":118.2,"FiftyPercent":88.65,"ThirtyPercent":76.83,"PreviousClose":59.1,"NegThirtyPercent":41.37,"NegFiftyPercent":29.55,"NegSixtyOnePercent":22.753500000000003},"Call22300":{"OptionType":0,"Strike":22300,"SelfPreviousHigh":0.0,"HundredPercent":103.0,"FiftyPercent":77.25,"ThirtyPercent":66.95,"PreviousClose":51.5,"NegThirtyPercent":36.05,"NegFiftyPercent":25.75,"NegSixtyOnePercent":19.8275},"Call22000":{"OptionType":0,"Strike":22000,"SelfPreviousHigh":0.0,"HundredPercent":381.4,"FiftyPercent":286.04999999999995,"ThirtyPercent":247.91,"PreviousClose":190.7,"NegThirtyPercent":133.48999999999998,"NegFiftyPercent":95.35,"NegSixtyOnePercent":73.4195},"Call22400":{"OptionType":0,"Strike":22400,"SelfPreviousHigh":0.0,"HundredPercent":57.0,"FiftyPercent":42.75,"ThirtyPercent":37.050000000000004,"PreviousClose":28.5,"NegThirtyPercent":19.95,"NegFiftyPercent":14.25,"NegSixtyOnePercent":10.9725},"Put22050":{"OptionType":1,"Strike":22050,"SelfPreviousHigh":0.0,"HundredPercent":209.8,"FiftyPercent":157.35000000000002,"ThirtyPercent":136.37,"PreviousClose":104.9,"NegThirtyPercent":73.42999999999999,"NegFiftyPercent":52.45,"NegSixtyOnePercent":40.386500000000005},"Put21800":{"OptionType":1,"Strike":21800,"SelfPreviousHigh":0.0,"HundredPercent":77.6,"FiftyPercent":58.199999999999996,"ThirtyPercent":50.44,"PreviousClose":38.8,"NegThirtyPercent":27.159999999999997,"NegFiftyPercent":19.4,"NegSixtyOnePercent":14.937999999999999},"Put21950":{"OptionType":1,"Strike":21950,"SelfPreviousHigh":0.0,"HundredPercent":143.4,"FiftyPercent":107.55000000000001,"ThirtyPercent":93.21000000000001,"PreviousClose":71.7,"NegThirtyPercent":50.19,"NegFiftyPercent":35.85,"NegSixtyOnePercent":27.6045},"Call22250":{"OptionType":0,"Strike":22250,"SelfPreviousHigh":0.0,"HundredPercent":133.9,"FiftyPercent":100.42500000000001,"ThirtyPercent":87.03500000000001,"PreviousClose":66.95,"NegThirtyPercent":46.865,"NegFiftyPercent":33.475,"NegSixtyOnePercent":25.775750000000002},"Call22150":{"OptionType":0,"Strike":22150,"SelfPreviousHigh":0.0,"HundredPercent":219.8,"FiftyPercent":164.85000000000002,"ThirtyPercent":142.87,"PreviousClose":109.9,"NegThirtyPercent":76.92999999999999,"NegFiftyPercent":54.95,"NegSixtyOnePercent":42.3115},"Put22200":{"OptionType":1,"Strike":22200,"SelfPreviousHigh":0.0,"HundredPercent":360.0,"FiftyPercent":270.0,"ThirtyPercent":234.0,"PreviousClose":180.0,"NegThirtyPercent":125.99999999999999,"NegFiftyPercent":90.0,"NegSixtyOnePercent":69.3},"Call22050":{"OptionType":0,"Strike":22050,"SelfPreviousHigh":0.0,"HundredPercent":324.8,"FiftyPercent":243.60000000000002,"ThirtyPercent":211.12,"PreviousClose":162.4,"NegThirtyPercent":113.67999999999999,"NegFiftyPercent":81.2,"NegSixtyOnePercent":62.524},"Put22150":{"OptionType":1,"Strike":22150,"SelfPreviousHigh":0.0,"HundredPercent":301.5,"FiftyPercent":226.125,"ThirtyPercent":195.975,"PreviousClose":150.75,"NegThirtyPercent":105.52499999999999,"NegFiftyPercent":75.375,"NegSixtyOnePercent":58.03875},"Call22350":{"OptionType":0,"Strike":22350,"SelfPreviousHigh":0.0,"HundredPercent":77.1,"FiftyPercent":57.824999999999996,"ThirtyPercent":50.114999999999995,"PreviousClose":38.55,"NegThirtyPercent":26.984999999999996,"NegFiftyPercent":19.275,"NegSixtyOnePercent":14.84175},"Put21850":{"OptionType":1,"Strike":21850,"SelfPreviousHigh":0.0,"HundredPercent":94.6,"FiftyPercent":70.94999999999999,"ThirtyPercent":61.489999999999995,"PreviousClose":47.3,"NegThirtyPercent":33.11,"NegFiftyPercent":23.65,"NegSixtyOnePercent":18.2105},"Call22450":{"OptionType":0,"Strike":22450,"SelfPreviousHigh":0.0,"HundredPercent":41.6,"FiftyPercent":31.200000000000003,"ThirtyPercent":27.040000000000003,"PreviousClose":20.8,"NegThirtyPercent":14.559999999999999,"NegFiftyPercent":10.4,"NegSixtyOnePercent":8.008000000000001},"Put21750":{"OptionType":1,"Strike":21750,"SelfPreviousHigh":0.0,"HundredPercent":61.4,"FiftyPercent":46.05,"ThirtyPercent":39.910000000000004,"PreviousClose":30.7,"NegThirtyPercent":21.49,"NegFiftyPercent":15.35,"NegSixtyOnePercent":11.8195},"Call21900":{"OptionType":0,"Strike":21900,"SelfPreviousHigh":0.0,"HundredPercent":522.8,"FiftyPercent":392.09999999999997,"ThirtyPercent":339.82,"PreviousClose":261.4,"NegThirtyPercent":182.97999999999996,"NegFiftyPercent":130.7,"NegSixtyOnePercent":100.639},"Call21950":{"OptionType":0,"Strike":21950,"SelfPreviousHigh":0.0,"HundredPercent":451.2,"FiftyPercent":338.4,"ThirtyPercent":293.28000000000003,"PreviousClose":225.6,"NegThirtyPercent":157.92,"NegFiftyPercent":112.8,"NegSixtyOnePercent":86.856},"Put22300":{"OptionType":1,"Strike":22300,"SelfPreviousHigh":0.0,"HundredPercent":491.9,"FiftyPercent":368.92499999999995,"ThirtyPercent":319.735,"PreviousClose":245.95,"NegThirtyPercent":172.165,"NegFiftyPercent":122.975,"NegSixtyOnePercent":94.69075},"Put22250":{"OptionType":1,"Strike":22250,"SelfPreviousHigh":0.0,"HundredPercent":420.6,"FiftyPercent":315.45000000000005,"ThirtyPercent":273.39000000000004,"PreviousClose":210.3,"NegThirtyPercent":147.21,"NegFiftyPercent":105.15,"NegSixtyOnePercent":80.9655},"Call21800":{"OptionType":0,"Strike":21800,"SelfPreviousHigh":0.0,"HundredPercent":691.3,"FiftyPercent":518.4749999999999,"ThirtyPercent":449.34499999999997,"PreviousClose":345.65,"NegThirtyPercent":241.95499999999996,"NegFiftyPercent":172.825,"NegSixtyOnePercent":133.07524999999998},"Call21850":{"OptionType":0,"Strike":21850,"SelfPreviousHigh":0.0,"HundredPercent":607.4,"FiftyPercent":455.54999999999995,"ThirtyPercent":394.81,"PreviousClose":303.7,"NegThirtyPercent":212.58999999999997,"NegFiftyPercent":151.85,"NegSixtyOnePercent":116.9245},"Put22400":{"OptionType":1,"Strike":22400,"SelfPreviousHigh":0.0,"HundredPercent":649.7,"FiftyPercent":487.27500000000003,"ThirtyPercent":422.30500000000006,"PreviousClose":324.85,"NegThirtyPercent":227.395,"NegFiftyPercent":162.425,"NegSixtyOnePercent":125.06725000000002},"Put22350":{"OptionType":1,"Strike":22350,"SelfPreviousHigh":0.0,"HundredPercent":566.1,"FiftyPercent":424.57500000000005,"ThirtyPercent":367.96500000000003,"PreviousClose":283.05,"NegThirtyPercent":198.135,"NegFiftyPercent":141.525,"NegSixtyOnePercent":108.97425000000001},"Put22450":{"OptionType":1,"Strike":22450,"SelfPreviousHigh":0.0,"HundredPercent":724.1,